source,native,name,p_value,significant,description,term_size,query_size,intersection_size,effective_domain_size,precision,recall,query,parents
GO:CC,GO:0022626,cytosolic ribosome,1.0638836142526496e-20,True,"""A ribosome located in the cytosol."" [GOC:mtg_sensu]",165,50,22,6579,0.44,0.13333333333333333,query_1,"['GO:0005829', 'GO:0005840']"
GO:MF,GO:0003735,structural constituent of ribosome,2.4917293162505778e-20,True,"""The action of a molecule that contributes to the structural integrity of the ribosome."" [GOC:mah]",223,50,24,6585,0.48,0.10762331838565023,query_1,['GO:0005198']
GO:CC,GO:0005840,ribosome,1.0153608175423082e-19,True,"""An intracellular organelle, about 200 A in diameter, consisting of RNA and protein. It is the site of protein biosynthesis resulting from translation of messenger RNA (mRNA). It consists of two subunits, one large and one small, each containing only protein and RNA. Both the ribosome and its subunits are characterized by their sedimentation coefficients, expressed in Svedberg units (symbol: S). Hence, the prokaryotic ribosome (70S) comprises a large (50S) subunit and a small (30S) subunit, while the eukaryotic ribosome (80S) comprises a large (60S) subunit and a small (40S) subunit. Two sites on the ribosomal large subunit are involved in translation, namely the aminoacyl site (A site) and peptidyl site (P site). Ribosomes from prokaryotes, eukaryotes, mitochondria, and chloroplasts have characteristically distinct ribosomal proteins."" [ISBN:0198506732]",277,50,25,6579,0.5,0.09025270758122744,query_1,['GO:0043232']
GO:BP,GO:0002181,cytoplasmic translation,1.3076774736386703e-19,True,"""The chemical reactions and pathways resulting in the formation of a protein in the cytoplasm. This is a ribosome-mediated process in which the information in messenger RNA (mRNA) is used to specify the sequence of amino acids in the protein."" [GOC:hjd]",199,50,23,6576,0.46,0.11557788944723618,query_1,['GO:0006412']
GO:CC,GO:0044391,ribosomal subunit,9.991000284477721e-19,True,"""Either of the two subunits of a ribosome: the ribosomal large subunit or the ribosomal small subunit."" [GOC:jl]",233,50,23,6579,0.46,0.09871244635193133,query_1,"['GO:0005840', 'GO:1990904']"
GO:MF,GO:0005198,structural molecule activity,2.4048307751648113e-16,True,"""The action of a molecule that contributes to the structural integrity of a complex."" [GOC:mah, GOC:vw]",369,50,25,6585,0.5,0.06775067750677506,query_1,['GO:0003674']
KEGG,KEGG:03010,Ribosome,2.939986967093614e-16,True,Ribosome,174,39,24,2161,0.6153846153846154,0.13793103448275862,query_1,['KEGG:00000']
GO:BP,GO:0006412,translation,3.8464135980474165e-15,True,"""The cellular metabolic process in which a protein is formed, using the sequence of a mature mRNA or circRNA molecule to specify the sequence of amino acids in a polypeptide chain. Translation is mediated by the ribosome, and begins with the formation of a ternary complex between aminoacylated initiator methionine tRNA, GTP, and initiation factor 2, which subsequently associates with the small subunit of the ribosome and an mRNA or circRNA. Translation ends with the release of a polypeptide chain from the ribosome."" [GOC:go_curators]",495,50,27,6576,0.54,0.05454545454545454,query_1,"['GO:0009059', 'GO:0010467', 'GO:0019538']"
GO:CC,GO:0022627,cytosolic small ribosomal subunit,7.703835624135717e-14,True,"""The small subunit of a ribosome located in the cytosol."" [GOC:mtg_sensu]",64,50,13,6579,0.26,0.203125,query_1,"['GO:0015935', 'GO:0022626']"
GO:CC,GO:1990904,ribonucleoprotein complex,1.4553913852322047e-12,True,"""A macromolecular complex that contains both RNA and protein molecules."" [GOC:krc, GOC:vesicles]",546,50,25,6579,0.5,0.045787545787545784,query_1,['GO:0032991']
GO:CC,GO:0015935,small ribosomal subunit,3.935342028682442e-11,True,"""The smaller of the two subunits of a ribosome."" [GOC:mah]",101,50,13,6579,0.26,0.12871287128712872,query_1,['GO:0044391']
TF,TF:M01787,Factor: RAP1; motif: ACACCCRTACAYYNN,9.617584577978906e-08,True,Factor: RAP1; motif: ACACCCRTACAYYNN,559,50,20,6599,0.4,0.03577817531305903,query_1,['TF:M00000']
GO:BP,GO:0006364,rRNA processing,2.0907535347831053e-07,True,"""Any process involved in the conversion of a primary ribosomal RNA (rRNA) transcript into one or more mature rRNA molecules."" [GOC:curators]",299,50,16,6576,0.32,0.05351170568561873,query_1,"['GO:0006396', 'GO:0016072', 'GO:0042254']"
GO:BP,GO:0042254,ribosome biogenesis,3.584332091065767e-07,True,"""A cellular process that results in the biosynthesis of constituent macromolecules, assembly, and arrangement of constituent parts of ribosome subunits; includes transport to the sites of protein synthesis."" [GOC:ma, PMID:26404467, Wikipedia:Ribosome_biogenesis]",414,50,18,6576,0.36,0.043478260869565216,query_1,['GO:0022613']
TF,TF:M01789,Factor: IFH1; motif: ARATGTAYGGRTGTA,3.737011173485935e-07,True,Factor: IFH1; motif: ARATGTAYGGRTGTA,77,50,9,6599,0.18,0.11688311688311688,query_1,['TF:M00000']
TF,TF:M01787_1,Factor: RAP1; motif: ACACCCRTACAYYNN; match class: 1,4.746546280967193e-07,True,Factor: RAP1; motif: ACACCCRTACAYYNN; match class: 1,108,50,10,6599,0.2,0.09259259259259259,query_1,['TF:M01787']
WP,WP:WP210,Cytoplasmic ribosomal proteins,6.757220191074183e-07,True,Cytoplasmic ribosomal proteins,89,16,11,843,0.6875,0.12359550561797752,query_1,['WP:000000']
GO:CC,GO:0022625,cytosolic large ribosomal subunit,1.2710933284674465e-06,True,"""The large subunit of a ribosome located in the cytosol."" [GOC:mtg_sensu]",83,50,9,6579,0.18,0.10843373493975904,query_1,"['GO:0015934', 'GO:0022626']"
GO:BP,GO:0022613,ribonucleoprotein complex biogenesis,1.389672506073363e-06,True,"""A cellular process that results in the biosynthesis of constituent macromolecules, assembly, and arrangement of constituent parts of a complex containing RNA and proteins. Includes the biosynthesis of the constituent RNA and protein molecules, and those macromolecular modifications that are involved in synthesis or assembly of the ribonucleoprotein complex."" [GOC:isa_complete, GOC:mah]",510,50,19,6576,0.38,0.03725490196078431,query_1,['GO:0044085']
GO:BP,GO:0016072,rRNA metabolic process,3.916319857060215e-06,True,"""The chemical reactions and pathways involving rRNA, ribosomal RNA, a structural constituent of ribosomes."" [ISBN:0198506732]",365,50,16,6576,0.32,0.043835616438356165,query_1,['GO:0016070']
TF,TF:M12988,Factor: RAP1; motif: NRTGTATGGGTGTNN,5.223009053094275e-06,True,Factor: RAP1; motif: NRTGTATGGGTGTNN,563,50,18,6599,0.36,0.03197158081705151,query_1,['TF:M00000']
GO:CC,GO:0005829,cytosol,6.631595968040603e-06,True,"""The part of the cytoplasm that does not contain organelles but which does contain other particulate matter, such as protein complexes."" [GOC:hjd, GOC:jl]",1091,50,25,6579,0.5,0.022914757103574702,query_1,"['GO:0005737', 'GO:0110165']"
GO:CC,GO:0015934,large ribosomal subunit,6.689332357194963e-06,True,"""The larger of the two subunits of a ribosome. Two sites on the ribosomal large subunit are involved in translation, namely the aminoacyl site (A site) and peptidyl site (P site)."" [ISBN:0198506732]",134,50,10,6579,0.2,0.07462686567164178,query_1,['GO:0044391']
GO:BP,GO:0019538,protein metabolic process,8.503068351009477e-06,True,"""The chemical reactions and pathways involving a protein. Includes protein modification."" [GOC:ma]",1479,50,30,6576,0.6,0.02028397565922921,query_1,"['GO:0043170', 'GO:0044238']"
GO:CC,GO:0043228,membraneless organelle,4.944227841650212e-05,True,"""Organized structure of distinctive morphology and function, not bounded by a lipid bilayer membrane. Includes ribosomes, the cytoskeleton and chromosomes."" [GOC:go_curators]",1495,50,28,6579,0.56,0.018729096989966554,query_1,['GO:0043226']
GO:CC,GO:0043232,intracellular membraneless organelle,4.944227841650212e-05,True,"""Organized structure of distinctive morphology and function, not bounded by a lipid bilayer membrane and occurring within the cell. Includes ribosomes, the cytoskeleton and chromosomes."" [GOC:go_curators]",1495,50,28,6579,0.56,0.018729096989966554,query_1,"['GO:0043228', 'GO:0043229']"
GO:BP,GO:0042274,ribosomal small subunit biogenesis,0.00017693175648904154,True,"""A cellular process that results in the biosynthesis of constituent macromolecules, assembly, and arrangement of constituent parts of a small ribosomal subunit; includes transport to the sites of protein synthesis."" [GOC:jl]",159,50,10,6576,0.2,0.06289308176100629,query_1,"['GO:0022613', 'GO:0042254']"
TF,TF:M01828,Factor: RAP1; motif: NNNRRTGTNTGGGT,0.00043276510113838087,True,Factor: RAP1; motif: NNNRRTGTNTGGGT,530,50,15,6599,0.3,0.02830188679245283,query_1,['TF:M00000']
TF,TF:M01637,Factor: RAP1; motif: CACCCATACA,0.0004973899670331196,True,Factor: RAP1; motif: CACCCATACA,536,50,15,6599,0.3,0.027985074626865673,query_1,['TF:M00000']
GO:BP,GO:0030490,maturation of SSU-rRNA,0.0006000591996068135,True,"""Any process involved in the maturation of a precursor Small SubUnit (SSU) ribosomal RNA (rRNA) molecule into a mature SSU-rRNA molecule."" [GOC:curators]",139,50,9,6576,0.18,0.06474820143884892,query_1,"['GO:0006364', 'GO:0042274']"
GO:CC,GO:0032991,protein-containing complex,0.0006059006007014483,True,"""A stable assembly of two or more macromolecules, i.e. proteins, nucleic acids, carbohydrates or lipids, in which at least one component is a protein and the constituent parts function together."" [GOC:dos, GOC:mah]",2249,50,33,6579,0.66,0.014673188083592708,query_1,['GO:0005575']
GO:CC,GO:0030684,preribosome,0.0010398499208408782,True,"""Any complex of pre-rRNAs, ribosomal proteins, and associated proteins formed during ribosome biogenesis."" [PMID:10567516]",181,50,9,6579,0.18,0.049723756906077346,query_1,['GO:1990904']
GO:BP,GO:0010467,gene expression,0.0016940317002964922,True,"""The process in which a gene's sequence is converted into a mature gene product (protein or RNA). This includes the production of an RNA transcript and its processing, as well as translation and maturation for protein-coding genes."" [GOC:txnOH-2018, PMID:25934543, PMID:31580950]",1959,50,31,6576,0.62,0.01582440020418581,query_1,['GO:0009059']
TF,TF:M12988_1,Factor: RAP1; motif: NRTGTATGGGTGTNN; match class: 1,0.003884946024180514,True,Factor: RAP1; motif: NRTGTATGGGTGTNN; match class: 1,87,50,6,6599,0.12,0.06896551724137931,query_1,['TF:M12988']
GO:BP,GO:0006396,RNA processing,0.0039182962803671175,True,"""Any process involved in the conversion of one or more primary RNA transcripts into one or more mature RNA molecules."" [GOC:mah]",602,50,16,6576,0.32,0.026578073089700997,query_1,"['GO:0010467', 'GO:0032774', 'GO:0044238']"
GO:BP,GO:0000054,ribosomal subunit export from nucleus,0.00835460227815647,True,"""The directed movement of a ribosomal subunit from the nucleus into the cytoplasm."" [GOC:ai]",68,50,6,6576,0.12,0.08823529411764706,query_1,"['GO:0031503', 'GO:0033750', 'GO:0042254', 'GO:0051168', 'GO:0051656']"
GO:BP,GO:0033750,ribosome localization,0.009097729364621028,True,"""A process in which a ribosome is transported to, and/or maintained in, a specific location."" [GOC:mah]",69,50,6,6576,0.12,0.08695652173913043,query_1,['GO:0051640']
GO:CC,GO:0030686,90S preribosome,0.009692892162826379,True,"""A large ribonucleoprotein complex considered to be the earliest preribosomal complex. In S. cerevisiae, it has a size of 90S and consists of the 35S pre-rRNA, early-associating ribosomal proteins most of which are part of the small ribosomal subunit, the U3 snoRNA and associated proteins."" [GOC:krc, GOC:vw, PMID:12150911, PMID:12957375, PMID:15120992]",93,50,6,6579,0.12,0.06451612903225806,query_1,['GO:0030684']
GO:MF,GO:0003723,RNA binding,0.009768577654087503,True,"""Binding to an RNA molecule or a portion thereof."" [GOC:jl, GOC:mah]",619,50,15,6585,0.3,0.024232633279483037,query_1,['GO:0003676']
GO:BP,GO:0000462,"maturation of SSU-rRNA from tricistronic rRNA transcript (SSU-rRNA, 5.8S rRNA, LSU-rRNA)",0.010070357852489917,True,"""Any process involved in the maturation of a precursor Small SubUnit (SSU) ribosomal RNA (rRNA) molecule into a mature SSU-rRNA molecule from the pre-rRNA molecule originally produced as a tricistronic rRNA transcript that contains the Small Subunit (SSU) rRNA, 5.8S rRNA, and the Large Subunit (LSU) in that order from 5' to 3' along the primary transcript."" [GOC:curators]",106,50,7,6576,0.14,0.0660377358490566,query_1,['GO:0030490']
GO:MF,GO:0019843,rRNA binding,0.013188235274446304,True,"""Binding to a ribosomal RNA."" [GOC:jl]",87,50,6,6585,0.12,0.06896551724137931,query_1,['GO:0003723']
GO:BP,GO:0009059,macromolecule biosynthetic process,0.016783191933694507,True,"""The chemical reactions and pathways resulting in the formation of a macromolecule, any molecule of high relative molecular mass, the structure of which essentially comprises the multiple repetition of units derived, actually or conceptually, from molecules of low relative molecular mass."" [GOC:mah]",2164,50,31,6576,0.62,0.01432532347504621,query_1,"['GO:0009058', 'GO:0043170']"
TF,TF:M00213,Factor: RAP1p; motif: WRMACCCATACAYY,0.016922268356154218,True,Factor: RAP1p; motif: WRMACCCATACAYY,989,50,18,6599,0.36,0.01820020222446916,query_1,['TF:M00000']
